City_ID,City,Lat,Lng,Max Temp,Humidity,Cloudiness,Wind Speed,Country,Date
0,bilibino,68.0546,166.4372,247.88,81,15,1.76,RU,1710700083
1,yanykurgan,43.915,67.2481,283.38,36,95,2.28,KZ,1710700084
2,al ghayzah,16.2079,52.176,298.94,65,0,3.35,YE,1710700085
3,zeya,53.75,127.2667,257.86,89,5,2.46,RU,1710700086
4,la passe,45.5549,-0.8967,290.28,90,100,2.68,FR,1710700087
5,wailua homesteads,22.0669,-159.378,294.12,81,100,6.69,US,1710700089
6,jamestown,42.097,-79.2353,275.92,88,100,6.69,US,1710699946
7,grytviken,-54.2811,-36.5092,277.61,72,4,1.06,GS,1710700090
8,revelstoke,50.9832,-118.2023,278.16,81,0,1.03,CA,1710699910
9,badger,64.8,-147.5333,262.1,68,100,2.57,US,1710700092
10,kodiak,57.79,-152.4072,272.88,74,0,4.63,US,1710700093
11,victoria,22.2855,114.1577,295.18,92,19,0.89,HK,1710699878
12,gornopravdinsk,60.05,69.9,274.33,96,100,4.31,RU,1710700095
13,ji'an,27.1172,114.9793,288.78,93,99,4.35,CN,1710700096
14,adamstown,-25.066,-130.1015,299.58,82,30,4.84,PN,1710700097
15,carnarvon,-24.8667,113.6333,299.03,68,67,8.94,AU,1710700098
16,waitangi,-43.9535,-176.5597,286.68,70,83,5.85,NZ,1710700100
17,west island,-12.1568,96.8225,297.14,94,21,0.0,CC,1710700101
18,horta,38.5333,-28.6333,290.38,81,20,9.26,PT,1710700102
19,iwaki,37.05,140.8833,282.11,60,100,15.08,JP,1710699978
20,ust-nera,64.5667,143.2,252.62,99,86,1.41,RU,1710700104
21,coquimbo,-29.9533,-71.3436,292.0,72,0,7.2,CL,1710700056
22,walvis bay,-22.9575,14.5053,289.31,75,30,7.09,NA,1710700105
23,hard bargain,26.3167,-77.5667,297.62,82,56,5.99,BS,1710700106
24,ilulissat,69.2167,-51.1,253.45,93,58,0.77,GL,1710700108
25,alice springs,-23.7,133.8833,299.9,43,64,3.09,AU,1710700109
26,tarauaca,-8.1614,-70.7656,300.82,70,100,2.71,BR,1710700111
27,blackmans bay,-43.0167,147.3167,286.22,90,0,0.45,AU,1710700113
28,micheweni,-4.9667,39.8333,302.05,76,59,4.56,TZ,1710700114
29,fale old settlement,-9.3852,-171.2468,302.3,73,48,4.99,TK,1710700115
30,uturoa,-16.7333,-151.4333,301.27,74,52,3.75,PF,1710700116
31,mugia,43.1041,-9.2179,288.66,96,100,1.57,ES,1710700118
32,port-aux-francais,-49.35,70.2167,281.51,96,100,17.11,TF,1710700119
33,kondagaon,19.6,81.6667,294.9,55,9,1.73,IN,1710700120
34,isafjordur,66.0755,-23.124,269.17,80,100,12.86,IS,1710700121
35,sorada,19.75,84.4333,299.79,58,88,0.6,IN,1710700122
36,san luis de la loma,17.2706,-100.8939,302.99,51,57,3.26,MX,1710700123
37,vadso,70.0744,29.7487,268.24,74,40,10.29,NO,1710700124
38,saipan,15.1355,145.701,299.54,73,20,6.17,MP,1710700125
39,saujon,45.6667,-0.9167,290.27,93,100,2.2,FR,1710700125
40,dudinka,69.4058,86.1778,259.61,92,100,5.81,RU,1710700127
41,san patricio,28.017,-97.5169,298.07,77,50,3.68,US,1710700128
42,hasaki,35.7333,140.8333,285.53,51,100,10.57,JP,1710700129
43,puerto ayora,-0.7393,-90.3518,305.13,89,46,4.02,EC,1710700130
44,edinburgh of the seven seas,-37.0676,-12.3116,291.86,88,17,5.68,SH,1710700131
45,olonkinbyen,70.9221,-8.7187,267.25,88,100,15.12,SJ,1710700131
46,albany,42.6001,-73.9662,282.92,60,59,2.68,US,1710700108
47,thinadhoo,0.5333,72.9333,301.33,68,58,0.43,MV,1710700133
48,anton lizardo,19.05,-95.9833,303.83,71,10,3.1,MX,1710700134
49,college,64.8569,-147.8028,262.14,65,100,2.57,US,1710699948
50,korla,41.7597,86.1469,278.23,35,0,2.24,CN,1710700136
51,liaoyuan,42.9036,125.1358,271.2,34,33,4.02,CN,1710700137
52,ribeira grande,38.5167,-28.7,290.8,77,20,9.26,PT,1710700138
53,kidal,18.4411,1.4078,303.39,8,0,6.98,ML,1710700139
54,sisimiut,66.9395,-53.6735,260.64,80,52,3.18,GL,1710700140
55,punta arenas,-53.15,-70.9167,281.21,49,75,11.83,CL,1710699860
56,ar rahad,12.7167,30.65,308.89,19,57,2.72,SD,1710700142
57,lazaro cardenas,17.9583,-102.2,301.01,54,100,3.34,MX,1710700143
58,hithadhoo,-0.6,73.0833,301.56,67,82,0.93,MV,1710700144
59,jolo,6.05,121.0167,298.36,82,99,2.22,PH,1710700145
60,avarua,-21.2078,-159.775,300.18,83,20,2.06,CK,1710700146
61,impfondo,1.6381,18.0667,302.35,56,42,0.86,CG,1710700147
62,san andres,12.5847,-81.7006,302.16,74,40,5.66,CO,1710700148
63,codrington,-38.2667,141.9667,291.11,59,0,4.84,AU,1710700149
64,agua dulce,18.1333,-94.1333,303.03,69,2,1.19,MX,1710700149
65,rouissat,31.9243,5.3502,299.19,18,0,2.06,DZ,1710700150
66,ushuaia,-54.8,-68.3,274.96,80,100,7.72,AR,1710700089
67,cabo san lucas,22.8909,-109.9124,299.05,62,0,2.06,MX,1710700152
68,peace river,56.2501,-117.286,281.32,61,0,3.6,CA,1710700153
69,padang,-0.9492,100.3543,299.18,88,97,1.89,ID,1710700142
70,butterworth,5.3991,100.3638,301.17,85,20,1.54,MY,1710700154
71,garissa,-0.4536,39.6401,305.97,46,42,9.36,KE,1710700155
72,urucara,-2.5364,-57.76,302.28,80,82,1.45,BR,1710700156
73,dauphin,51.1494,-100.0502,264.23,57,0,5.14,CA,1710700016
74,el calafate,-50.3408,-72.2768,279.56,60,14,5.73,AR,1710700158
75,lubumbashi,-11.6609,27.4794,292.3,95,100,1.27,CD,1710700159
76,charlottetown,46.2352,-63.1267,277.9,79,100,9.77,CA,1710700160
77,masterton,-40.9597,175.6575,284.75,95,86,0.6,NZ,1710700161
78,altos,-5.0381,-42.46,305.32,78,96,1.75,BR,1710700162
79,barra de santo antonio,-9.4047,-35.5072,298.75,71,84,4.33,BR,1710700163
80,petropavlovsk-kamchatsky,53.0452,158.6483,270.62,86,75,22.35,RU,1710700164
81,aasiaat,68.7098,-52.8699,253.15,96,50,2.33,GL,1710700166
82,mogadishu,2.0371,45.3438,300.89,75,45,8.55,SO,1710699969
83,anavyssos,37.7333,23.95,288.06,70,100,4.93,GR,1710700168
84,astrakhan,46.3497,48.0408,275.08,100,100,4.02,RU,1710699924
85,anadyr,64.75,177.4833,249.43,84,0,2.0,RU,1710700172
86,arkhangel'sk,64.5401,40.5433,267.21,67,40,1.0,RU,1710700122
87,puerto natales,-51.7236,-72.4875,278.4,70,75,15.43,CL,1710700174
88,mana,5.6592,-53.7767,302.44,67,59,5.9,GF,1710700174
89,stanley,54.868,-1.6985,284.92,84,40,4.12,GB,1710700175
90,namibe,-15.1961,12.1522,298.12,74,28,6.56,AO,1710700176
91,yellowknife,62.456,-114.3525,267.27,73,75,6.17,CA,1710700177
92,malango,-2.9627,119.9001,292.56,93,98,1.34,ID,1710700179
93,valparaiso,-33.0393,-71.6273,303.78,52,0,6.17,CL,1710700153
94,tanout,14.9709,8.8879,300.63,10,1,6.35,NE,1710700181
95,florence,43.7667,11.25,288.9,82,0,2.06,IT,1710700182
96,mahdia,35.5047,11.0622,289.12,76,15,3.89,TN,1710700182
97,poronaysk,49.2167,143.1167,262.97,92,100,2.73,RU,1710700183
98,manaure,11.7751,-72.4445,305.78,51,61,8.84,CO,1710700184
99,macas,-2.3167,-78.1167,304.01,48,40,3.6,EC,1710700185
100,mukalla,14.5425,49.1242,298.8,76,1,1.92,YE,1710700186
101,dongcun,36.7767,121.1597,275.16,44,73,0.86,CN,1710700187
102,cooper's town,26.8667,-77.5167,297.57,85,20,6.9,BS,1710700188
103,galeana,24.8333,-100.0667,296.61,31,6,5.12,MX,1710700189
104,bredasdorp,-34.5322,20.0403,291.21,72,100,7.87,ZA,1710700189
105,bethel,41.3712,-73.414,288.65,39,40,6.69,US,1710700164
106,gamba,-2.65,10.0,301.48,84,97,3.49,GA,1710700191
107,bizerte,37.2744,9.8739,287.73,87,30,3.29,TN,1710700192
108,east london,-33.0153,27.9116,290.67,94,100,2.06,ZA,1710700193
109,luderitz,-26.6481,15.1594,290.99,83,2,3.76,NA,1710700194
110,nyurba,63.2842,118.3319,260.27,94,100,2.64,RU,1710700195
111,kinablangan,7.6947,126.5503,298.01,84,98,3.44,PH,1710700196
112,parras de la fuente,25.4167,-102.1833,297.48,16,1,5.38,MX,1710700197
113,kapa'a,22.0752,-159.319,294.87,80,100,6.69,US,1710700199
114,kuala tungkal,-0.8167,103.4667,298.76,89,58,2.03,ID,1710700199
115,susuman,62.7833,148.1667,252.03,100,91,1.34,RU,1710700200
116,whitehorse,60.7161,-135.0538,279.58,65,75,6.69,CA,1710700201
117,lihue,21.9789,-159.3672,294.46,81,100,6.69,US,1710700203
118,yemetsk,63.4721,41.7941,267.27,83,100,3.45,RU,1710700204
119,nar'yan-mar,67.6713,53.087,264.88,92,91,4.47,RU,1710700206
120,arraial do cabo,-22.9661,-42.0278,310.13,66,0,5.14,BR,1710700207
121,kayyerkan,69.3786,87.7439,259.43,77,100,4.72,RU,1710700208
122,papatowai,-46.5619,169.4708,282.97,74,83,6.98,NZ,1710700200
123,nova sintra,14.8667,-24.7167,293.69,79,89,13.51,CV,1710700210
124,ambon,-3.6954,128.1814,300.86,95,40,4.63,ID,1710700211
125,lospalos,-8.5186,127.0025,296.16,95,100,3.03,TL,1710700212
126,perros-guirec,48.8145,-3.4396,286.39,86,0,2.57,FR,1710700213
127,thompson,55.7435,-97.8558,258.24,51,20,4.12,CA,1710700033
128,salida,37.7058,-121.0849,292.12,49,0,0.0,US,1710700215
129,carlsbad,33.1581,-117.3506,293.35,67,0,3.13,US,1710700207
130,parry sound,45.3501,-80.033,274.18,69,100,7.41,CA,1710700207
131,hadibu,12.65,54.0333,298.35,70,5,4.03,YE,1710700217
132,new norfolk,-42.7826,147.0587,286.88,96,0,1.15,AU,1710700218
133,port mathurin,-19.6833,63.4167,299.2,89,40,4.12,MU,1710700220
134,hengchun,22.0042,120.7439,296.72,80,95,3.43,TW,1710700221
135,lyubokhna,53.5033,34.3885,277.55,96,100,2.3,RU,1710700222
136,inarajan village,13.2736,144.7484,298.7,87,27,7.13,GU,1710700223
137,konarka,19.9,86.1167,300.37,79,7,3.13,IN,1710700225
138,koumra,8.9126,17.5539,305.74,37,66,0.57,TD,1710700226
139,ola,59.5833,151.2833,271.01,79,100,7.27,RU,1710700227
140,birjand,32.8663,59.2211,285.41,50,0,2.06,IR,1710700057
141,constantia,44.1833,28.65,281.53,81,59,5.8,RO,1710700229
142,berezovyy,51.6667,135.7,256.26,97,48,1.72,RU,1710700231
143,kirakira,-10.4544,161.9205,299.81,87,100,2.77,SB,1710700232
144,ajuchitlan del progreso,18.1519,-100.4835,311.23,16,61,1.85,MX,1710700233
145,invercargill,-46.4,168.35,283.72,85,89,4.92,NZ,1710700194
146,bodaybo,57.8506,114.1933,257.85,93,100,0.99,RU,1710700235
147,iqaluit,63.7506,-68.5145,255.0,78,40,0.0,CA,1710700066
148,fiambala,-27.6871,-67.6149,302.91,41,6,5.41,AR,1710700237
149,narsingi,18.0333,78.4333,298.48,55,48,2.84,IN,1710700238
150,privolzhskiy,51.4,46.0333,272.02,44,100,2.25,RU,1710700239
151,labasa,-16.4167,179.3833,297.88,97,100,3.52,FJ,1710700240
152,zelenogorskiy,55.0333,87.0,269.71,94,100,4.29,RU,1710700241
153,semey,50.4111,80.2275,267.18,79,9,3.65,KZ,1710700241
154,kupang,-10.1667,123.5833,300.47,100,20,1.03,ID,1710700242
155,bria,6.5423,21.9863,298.46,70,96,3.16,CF,1710700243
156,nikolayevsk-on-amure,53.1406,140.73,259.05,98,99,1.35,RU,1710700244
157,hawaiian paradise park,19.5933,-154.9731,293.88,97,75,1.54,US,1710700196
158,queenstown,-31.8976,26.8753,286.72,86,95,3.15,ZA,1710700212
159,eraan,9.0629,117.7016,297.87,75,100,1.09,PH,1710700247
160,lerwick,60.1545,-1.1494,280.15,95,100,12.86,GB,1710700247
161,manokwari,-0.8667,134.0833,298.99,84,100,2.9,ID,1710700203
162,hammerfest,70.6634,23.6821,268.4,93,75,4.12,NO,1710700249
163,mejit,10.2753,170.8646,299.83,77,100,6.99,MH,1710700250
164,boysun,38.2061,67.1986,284.64,32,100,1.89,UZ,1710700251
165,middlesboro,36.6084,-83.7166,290.72,39,100,3.6,US,1710700252
166,severo-yeniseyskiy,60.3725,93.0408,265.69,91,100,4.02,RU,1710700253
167,khandyga,62.6667,135.6,245.3,100,100,1.2,RU,1710700254
168,tazovsky,67.4667,78.7,266.38,88,100,8.56,RU,1710700255
169,puerto santa,-8.9906,-78.6456,297.78,74,91,4.0,PE,1710700256
170,myaydo,19.3667,95.2167,302.0,30,100,0.65,MM,1710700256
171,tiksi,71.6872,128.8694,246.49,98,85,2.89,RU,1710700257
172,port lincoln,-34.7333,135.8667,290.9,90,57,4.5,AU,1710699981
173,changping,40.2186,116.2197,276.95,24,14,1.39,CN,1710700260
174,crane,31.3974,-102.3501,286.05,70,100,3.83,US,1710700261
175,flying fish cove,-10.4217,105.6791,297.97,88,11,4.12,CX,1710700262
176,chulym,55.0997,80.9572,271.42,97,100,6.07,RU,1710700263
177,kayangel,8.0823,134.7173,300.88,78,12,7.68,PW,1710700264
178,afaahiti,-17.75,-149.2833,302.08,78,60,1.4,PF,1710700265
179,chalus,36.655,51.4204,284.85,87,40,2.06,IR,1710700266
180,murghob,38.1702,73.9667,259.69,60,12,2.71,TJ,1710700268
181,plouzane,48.3833,-4.6167,285.33,87,0,4.12,FR,1710700269
182,ilhabela,-23.7781,-45.3581,302.58,77,70,1.16,BR,1710700270
183,vernon,50.2581,-119.2691,286.82,50,10,1.03,CA,1710700077
184,georgetown,5.4112,100.3354,301.11,85,20,1.54,MY,1710699999
185,evanston,42.0411,-87.6901,278.25,45,75,7.2,US,1710700113
186,pariaman,-0.619,100.12,299.18,88,84,1.78,ID,1710700054
187,bamboo flat,11.7,92.7167,298.77,74,0,2.14,IN,1710700274
188,karaton,-6.3424,106.1045,296.15,94,26,2.2,ID,1710700275
189,kailua-kona,19.6406,-155.9956,298.43,77,0,0.89,US,1710700276
190,ar ruseris,11.8659,34.3869,309.07,27,3,3.23,SD,1710700277
191,novo aripuana,-5.1206,-60.3797,300.42,83,100,1.48,BR,1710700278
192,toliara,-23.35,43.6667,299.94,78,33,4.67,MG,1710700279
193,keflavik,64.0049,-22.5624,280.1,87,100,7.72,IS,1710700280
194,el playon,7.4713,-73.2031,307.3,45,44,2.6,CO,1710700281
195,leamington,42.0549,-82.6062,280.3,11,100,4.02,CA,1710700208
196,derbent,42.0678,48.2899,281.01,82,60,3.23,RU,1710700285
197,zhanibek,49.4167,46.85,273.73,99,100,3.13,KZ,1710700287
198,minas de marcona,-15.2119,-75.1103,297.27,63,54,5.64,PE,1710700289
199,jayapura,-2.5333,140.7,298.81,90,98,2.33,ID,1710700291
200,weno,7.4515,151.8468,300.4,81,100,5.9,FM,1710700293
201,utrik,11.2278,169.8474,300.24,80,100,4.72,MH,1710700295
202,kerikeri,-35.2268,173.9474,285.32,89,0,1.7,NZ,1710700297
203,lebu,-37.6167,-73.65,288.52,64,15,7.45,CL,1710700246
204,burang,30.25,81.1667,261.83,90,100,1.4,CN,1710700299
205,okha,53.5739,142.9478,259.28,98,100,2.29,RU,1710700301
206,saudarkrokur,65.7461,-19.6394,274.11,94,85,2.31,IS,1710700303
207,strelka,58.0728,93.0344,272.76,96,100,4.89,RU,1710700304
208,tieli,46.95,128.05,262.04,96,23,0.82,CN,1710700305
209,blenheim,-41.516,173.9528,282.99,83,4,1.99,NZ,1710700306
210,broken hill,-31.95,141.4333,294.18,70,3,4.47,AU,1710700272
211,la ronge,55.1001,-105.2842,265.29,49,40,3.6,CA,1710700308
212,port alfred,-33.5906,26.891,293.25,80,100,1.79,ZA,1710700310
213,udachny,66.4167,112.4,258.4,91,97,3.16,RU,1710700257
214,meadow lakes,61.6247,-149.6011,274.61,82,100,0.0,US,1710700304
215,zag,46.9441,99.165,250.49,91,23,2.41,MN,1710700313
216,bonthe,7.5264,-12.505,300.99,82,0,4.32,SL,1710700314
217,vel'sk,61.0701,42.0983,271.08,96,100,4.92,RU,1710700314
218,remire-montjoly,4.9167,-52.2667,305.17,62,20,8.75,GF,1710700315
219,floro,61.5996,5.0328,279.13,39,75,9.26,NO,1710700316
220,riverton,40.5219,-111.9391,286.73,39,0,3.13,US,1710700091
221,pisco,-13.7,-76.2167,299.27,73,0,4.12,PE,1710700318
222,hamilton,39.1834,-84.5333,284.4,37,0,7.2,US,1710700066
223,mont-laurier,46.5501,-75.4993,276.94,71,100,4.21,CA,1710700320
224,saint-joseph,-21.3667,55.6167,298.36,83,34,4.9,RE,1710700321
225,bandar-e genaveh,29.5791,50.517,295.48,61,0,4.29,IR,1710700323
226,fort mcmurray,56.7268,-111.381,275.92,48,0,7.2,CA,1710700257
227,pasighat,28.0667,95.3333,293.02,52,56,2.4,IN,1710700324
228,buzdyak,54.5833,54.55,260.14,91,28,1.32,RU,1710700325
229,kibondo,-3.5864,30.7203,291.3,86,0,0.88,TZ,1710700326
230,sandnessjoen,66.0217,12.6316,277.21,30,0,5.14,NO,1710700327
231,port elizabeth,-33.918,25.5701,293.2,80,75,5.66,ZA,1710700205
232,tangalle,6.024,80.7911,296.24,82,5,3.59,LK,1710700329
233,kiunga,-6.1219,141.2906,295.82,99,100,1.3,PG,1710700330
234,tura,25.5198,90.2201,294.82,20,0,1.54,IN,1710700331
235,tolanaro,-25.0319,46.9987,300.19,83,20,9.26,MG,1710700331
236,arauco,-37.2463,-73.3175,293.31,38,46,5.25,CL,1710700305
237,san julian,21.0167,-102.1667,300.37,13,1,7.08,MX,1710700333
238,vila franca do campo,37.7167,-25.4333,291.42,99,100,4.54,PT,1710700325
239,smithers,54.7804,-127.1743,278.33,65,20,2.06,CA,1710700214
240,bel ombre,-4.6167,55.4167,300.06,83,20,1.03,SC,1710700337
241,nova vicosa,-17.8919,-39.3719,303.53,69,6,5.5,BR,1710700338
242,itoman,26.1247,127.6694,292.58,79,75,8.23,JP,1710700339
243,longyearbyen,78.2186,15.6401,250.06,64,20,1.54,SJ,1710700269
244,doka,13.5167,35.7667,309.08,22,10,2.38,SD,1710700079
245,zaozersk,69.4005,32.4476,263.24,85,89,6.31,RU,1710700341
246,riosucio,5.4216,-75.7032,297.6,68,99,0.33,CO,1710700342
247,hermanus,-34.4187,19.2345,291.93,75,100,9.08,ZA,1710700328
248,callao,-12.0667,-77.15,297.31,73,0,4.12,PE,1710700065
249,al bayda',32.7627,21.7551,282.39,90,77,3.45,LY,1710700345
250,kingston,17.997,-76.7936,303.8,68,20,10.8,JM,1710700203
251,ales,44.1333,4.0833,289.65,80,100,1.03,FR,1710700347
252,nemuro,43.3236,145.575,273.09,98,100,4.72,JP,1710700348
253,atafu village,-8.5421,-172.5159,302.13,76,22,5.41,TK,1710700349
254,santhia,45.3663,8.1726,288.83,80,75,0.1,IT,1710700350
255,praia da vitoria,38.7333,-27.0667,291.29,68,40,8.16,PT,1710700351
256,bardai,11.65,7.2333,302.99,14,6,3.98,NG,1710700352
257,necochea,-38.5473,-58.7368,299.34,26,1,5.9,AR,1710700097
258,ferkessedougou,9.6,-5.2,308.36,19,6,1.64,CI,1710700354
259,wakkanai,45.4094,141.6739,271.53,93,100,8.49,JP,1710700355
260,kamloops,50.6665,-120.3192,284.02,62,0,2.06,CA,1710700356
261,mercedes,-34.6515,-59.4307,300.73,57,1,4.22,AR,1710700174
262,ketchikan,55.3422,-131.6461,281.67,93,100,6.17,US,1710700358
263,selfoss,63.9331,-20.9971,277.62,95,100,3.92,IS,1710700359
264,tshabong,-26.05,22.45,304.11,15,5,4.85,BW,1710700360
265,margaret river,-33.95,115.0667,291.62,81,100,4.63,AU,1710700240
266,klyuchi,52.2667,79.1667,270.6,90,100,3.31,RU,1710700361
267,kitimat,54.0524,-128.6534,282.54,79,0,2.24,CA,1710700266
268,virginia,37.5481,-77.4467,295.14,37,75,7.72,US,1710700363
269,cedeira,43.6797,-8.0209,288.69,75,100,3.67,ES,1710700364
270,howrah,22.5892,88.3103,299.15,73,40,1.54,IN,1710700365
271,cidade velha,14.9167,-23.6167,299.41,57,20,11.83,CV,1710700366
272,akureyri,65.6835,-18.0878,275.11,80,75,4.12,IS,1710700366
273,enewetak,11.3474,162.3373,299.39,79,100,3.26,MH,1710700367
274,muhos,64.808,25.9931,263.03,95,17,0.58,FI,1710700157
275,porto empedocle,37.2934,13.5264,286.15,80,82,3.93,IT,1710700369
276,gebeit,21.0667,36.3167,303.49,24,100,4.3,SD,1710700371
277,holualoa,19.6228,-155.9522,296.36,77,0,0.0,US,1710700216
278,lamu,-2.2717,40.902,302.12,76,82,5.8,KE,1710700372
279,chonchi,-42.6128,-73.8092,286.71,60,65,1.6,CL,1710700303
280,buka,40.8108,69.1986,285.03,38,62,0.55,UZ,1710700374
281,zhangatas,43.5667,69.75,276.63,47,100,1.57,KZ,1710700375
282,suvorovskaya,44.1942,42.6539,282.46,82,100,2.61,RU,1710700376
283,geraldton,-28.7667,114.6,294.38,78,75,4.63,AU,1710700199
284,tome,-36.6167,-72.95,292.49,53,95,5.92,CL,1710700377
285,suva,-18.1416,178.4415,296.86,100,40,1.54,FJ,1710700378
286,iskateley,67.6803,53.1512,264.83,92,93,4.47,RU,1710700379
287,belley,45.8333,5.6667,287.39,75,100,1.31,FR,1710700380
288,neiafu,-18.65,-173.9833,299.53,94,100,5.14,TO,1710700381
289,laguna,38.421,-121.4238,293.2,62,0,0.89,US,1710699966
290,polyarnyy,69.1989,33.4478,264.95,83,100,8.12,RU,1710700383
291,montevideo,-34.8335,-56.1674,299.16,38,0,6.69,UY,1710699598
292,copiapo,-27.3667,-70.3333,292.98,33,7,3.8,CL,1710700152
293,nouadhibou,20.931,-17.0347,295.14,73,98,8.75,MR,1710700348
294,tidjikja,18.5564,-11.4271,303.6,7,0,5.31,MR,1710700386
295,okhotsk,59.3833,143.3,267.76,84,100,4.27,RU,1710700387
296,ringkobing,56.0901,8.244,276.49,67,100,7.62,DK,1710700388
297,rongelap,11.1635,166.8941,299.71,77,100,3.23,MH,1710700389
298,tahe,52.3333,124.7333,254.99,95,9,1.72,CN,1710700389
299,ballina,-28.8667,153.5667,293.58,87,99,2.65,AU,1710700390
300,qadirpur ran,30.2924,71.6712,294.09,26,5,1.89,PK,1710700391
301,vypasne,45.8756,34.1773,281.09,81,99,1.99,UA,1710700392
302,dunedin,-45.8742,170.5036,283.04,80,100,3.58,NZ,1710700279
303,la'ie,21.6477,-157.9253,295.99,67,90,3.58,US,1710700394
304,vorkuta,67.5,64.0,258.79,92,100,6.2,RU,1710700395
305,prince rupert,54.3161,-130.3201,282.2,87,100,5.14,CA,1710700396
306,alofi,-19.0595,-169.9187,300.09,94,20,2.06,NU,1710700358
307,colesberg,-30.72,25.0972,292.25,44,88,6.64,ZA,1710700397
308,touros,-5.1989,-35.4608,302.92,71,100,5.44,BR,1710700384
309,riohacha,11.5444,-72.9072,304.21,70,20,4.63,CO,1710700399
310,pekanbaru,0.5333,101.45,299.33,100,20,0.0,ID,1710700400
311,yass,-34.8333,148.9167,289.16,93,69,3.69,AU,1710700401
312,sterling,39.0062,-77.4286,293.31,39,40,6.17,US,1710700401
313,berdigestyakh,62.0989,126.6992,242.82,100,84,0.97,RU,1710700402
314,midvagur,62.0511,-7.1939,281.61,93,75,6.17,FO,1710700403
315,ghat,24.9647,10.1728,293.49,18,0,4.94,LY,1710700405
316,kristinestad,62.2743,21.376,265.98,93,22,2.9,FI,1710700406
317,sanctuary point,-35.1114,150.629,293.33,95,80,0.88,AU,1710700407
318,grand falls-windsor,48.9332,-55.6649,274.77,92,100,1.96,CA,1710700407
319,forres,57.6113,-3.6108,287.09,72,100,3.09,GB,1710700408
320,villa de arista,22.65,-100.8333,301.6,10,3,8.78,MX,1710700409
321,villa gesell,-37.2639,-56.973,296.51,45,6,8.45,AR,1710700410
322,n'dalatando,-9.2978,14.9116,294.98,95,99,1.1,AO,1710700411
323,labytnangi,66.6572,66.4183,261.21,73,2,8.52,RU,1710700412
324,alenquer,-1.9417,-54.7383,302.25,78,99,1.58,BR,1710700412
325,dwarka,22.2394,68.9678,297.37,70,0,6.74,IN,1710700413
326,ed damer,17.5928,33.9592,307.39,23,100,7.2,SD,1710700414
327,mersing,2.4312,103.8405,301.1,78,20,4.12,MY,1710700415
328,aliwal north,-30.6937,26.7114,288.23,72,11,5.86,ZA,1710700416
329,opuwo,-18.0607,13.84,301.35,33,3,3.42,NA,1710700417
330,manakara,-22.1333,48.0167,298.0,87,12,3.07,MG,1710700418
331,dakhla,23.6848,-15.958,293.16,83,98,6.69,EH,1710700418
332,banyo,6.75,11.8167,300.82,42,100,2.26,CM,1710700419
333,alo,7.4178,6.7371,302.55,72,24,2.95,NG,1710700420
334,tazacorte,28.629,-17.9293,294.9,77,20,6.69,ES,1710700421
335,vorgashor,67.5833,63.95,258.45,93,100,6.25,RU,1710700422
336,kununurra,-15.7667,128.7333,301.14,78,91,2.06,AU,1710700423
337,kavieng,-2.5744,150.7967,299.21,87,99,4.16,PG,1710700423
338,new kingman-butler,35.265,-114.0323,286.91,53,0,2.57,US,1710700424
339,huarmey,-10.0681,-78.1522,298.84,73,64,4.48,PE,1710700425
340,st. john's,47.5649,-52.7093,276.36,75,75,4.12,CA,1710700268
341,novyy karanlug,39.7955,47.1099,282.49,80,14,1.26,AZ,1710700427
342,sitka,57.0531,-135.33,280.09,81,100,6.17,US,1710700425
343,nuuk,64.1835,-51.7216,267.49,79,20,6.69,GL,1710700428
344,winnemucca,40.973,-117.7357,286.18,33,0,7.72,US,1710700429
345,yabelo,4.8833,38.0833,295.21,32,1,6.1,ET,1710700430
346,kone,-21.0595,164.8658,297.43,91,86,2.13,NC,1710700431
347,prince george,53.9166,-122.753,287.84,38,0,7.72,CA,1710700432
348,north bend,43.4065,-124.2243,286.57,76,0,1.54,US,1710700433
349,kapuskasing,49.4169,-82.4331,274.2,75,100,5.14,CA,1710700364
350,contai,21.7786,87.7536,298.33,71,26,2.7,IN,1710700434
351,formosa do rio preto,-11.0483,-45.1931,306.85,38,76,1.5,BR,1710700435
352,tutoia,-2.7619,-42.2744,299.76,90,100,3.6,BR,1710700436
353,phan rang-thap cham,11.5667,108.9833,295.54,92,14,2.27,VN,1710700437
354,plastun,44.7561,136.2939,268.3,59,100,6.42,RU,1710700438
355,mar del plata,-38.0023,-57.5575,298.16,63,20,9.39,AR,1710700271
356,rio grande,-32.035,-52.0986,300.21,78,48,5.97,BR,1710700207
357,kharkhauda,28.8833,76.85,294.2,16,100,3.39,IN,1710700441
358,port blair,11.6667,92.75,299.17,89,0,1.03,IN,1710700442
359,jan kempdorp,-27.9225,24.8305,297.71,19,3,4.17,ZA,1710700443
360,crixas,-14.5489,-49.9692,304.48,63,26,1.74,BR,1710700444
361,duyun,26.2667,107.5167,287.5,99,100,1.35,CN,1710700445
362,talnakh,69.4865,88.3972,259.38,96,100,5.74,RU,1710700445
363,ancud,-41.8697,-73.8203,286.96,66,41,4.16,CL,1710700306
364,linxia chengguanzhen,35.6003,103.2064,274.11,50,100,0.94,CN,1710700448
365,sabha,27.0377,14.4283,291.39,29,0,4.99,LY,1710700449
366,ak-dovurak,51.1833,90.6,259.88,82,100,0.89,RU,1710700450
367,amga,60.8953,131.9608,246.85,100,100,0.34,RU,1710700450
368,vondrozo,-22.8167,47.2833,294.45,98,86,1.85,MG,1710700400
369,ratnagiri,16.9833,73.3,297.23,71,1,3.88,IN,1710700452
370,mount isa,-20.7333,139.5,300.02,61,40,3.6,AU,1710700240
371,narvik,68.4384,17.4272,271.93,68,98,3.94,NO,1710700454
372,jackson,42.4165,-122.8345,291.7,46,0,0.0,US,1710700441
373,umm kaddadah,13.6017,26.6876,306.78,15,100,1.93,SD,1710700456
374,buala,-8.145,159.5921,299.78,86,100,2.12,SB,1710700456
375,bangar,16.8936,120.4243,297.29,77,0,1.44,PH,1710700457
376,tejen,37.3834,60.5054,289.91,42,100,3.05,TM,1710700458
377,shelton,41.3165,-73.0932,289.18,40,0,7.2,US,1710700228
378,mangai,-4.05,19.5333,296.08,93,97,1.0,CD,1710700460
379,darwin,-12.4611,130.8418,302.14,82,75,6.71,AU,1710700365
380,kyaikkami,16.08,97.5675,300.62,72,6,3.3,MM,1710700462
381,taoudenni,22.6783,-3.9836,302.38,6,0,5.56,ML,1710700463
382,kanke,23.4333,85.3167,294.16,73,75,1.03,IN,1710700464
383,vallenar,-28.5708,-70.7581,302.81,32,5,4.12,CL,1710700465
384,balykshi,47.0667,51.8667,274.15,100,100,3.0,KZ,1710700466
385,pontianak,-0.0333,109.3333,298.14,100,40,1.54,ID,1710700467
386,puerto deseado,-47.7503,-65.8938,286.67,29,100,7.2,AR,1710700434
387,ariyalur,11.1333,79.0833,295.99,81,2,1.6,IN,1710700468
388,san antonio de pale,-1.4014,5.6325,302.34,76,100,2.95,GQ,1710700380
389,buzuluk,52.7807,52.2635,268.13,87,100,2.68,RU,1710700470
390,sangmelima,2.9333,11.9833,296.0,93,100,0.72,CM,1710700471
391,mount pearl,47.5166,-52.7813,275.9,75,75,4.12,CA,1710700452
392,cekerek,40.0731,35.4947,280.52,59,100,2.05,TR,1710700473
393,alexandria,31.2156,29.9553,289.43,66,37,6.86,EG,1710700473
394,paradip garh,20.3167,86.6167,298.83,76,60,2.88,IN,1710700474
395,katabu,-4.9333,122.5167,297.42,92,74,1.02,ID,1710700475
396,sinabang,2.4803,96.3801,300.03,79,41,0.95,ID,1710700476
397,belyy yar,53.6039,91.3903,271.09,69,0,3.0,RU,1710700477
398,mechanicsville,37.6088,-77.3733,295.13,38,75,7.72,US,1710700478
399,barranca,-10.75,-77.7667,298.17,71,31,4.36,PE,1710700479
400,shetpe,44.1667,52.1167,276.53,91,68,7.56,KZ,1710700480
401,menongue,-14.6585,17.691,294.79,61,16,2.61,AO,1710700481
402,maintirano,-18.0667,44.0167,300.25,81,47,1.77,MG,1710700482
403,peniche,39.3558,-9.3811,295.42,85,100,3.56,PT,1710700326
404,bulanash,57.2783,61.9965,271.54,78,14,3.35,RU,1710700397
405,farafangana,-22.8167,47.8333,298.58,86,4,4.44,MG,1710700485
406,dokkum,53.3222,5.997,283.7,72,100,6.17,NL,1710700486
407,ambositra,-20.5167,47.25,290.74,99,100,1.13,MG,1710700487
408,chibougamau,49.9168,-74.3659,272.94,59,100,4.12,CA,1710700340
409,maracas,-13.4411,-40.4308,302.98,42,86,1.1,BR,1710700489
410,estrela,-28.0611,-50.9383,300.64,62,99,2.42,BR,1710699883
411,palmer,42.1584,-72.3287,287.88,44,75,5.66,US,1710700253
412,south hedland,-20.4089,118.5983,299.11,94,75,4.12,AU,1710700491
413,woodward,36.4337,-99.3904,290.72,27,0,5.66,US,1710700492
414,tulu bolo,8.6667,38.2167,291.92,35,1,3.34,ET,1710700493
415,yayladagi,35.9025,36.0627,284.92,81,100,2.54,TR,1710700494
416,bezhetsk,57.7851,36.6965,274.28,98,100,2.99,RU,1710700494
417,vodnyy,63.5046,53.4095,270.05,89,100,2.9,RU,1710700495
418,souillac,-20.5167,57.5167,300.36,83,40,6.17,MU,1710700496
419,achacachi,-16.05,-68.6833,285.01,72,100,4.39,BO,1710700497
420,giaginskaya,44.8621,40.0719,283.49,87,99,1.27,RU,1710700498
421,puerto esperanza,-26.0152,-54.6731,307.4,49,100,0.55,AR,1710700499
422,basco,20.4487,121.9702,298.17,73,92,5.28,PH,1710700499
423,humaita,-7.5061,-63.0208,299.25,93,100,1.01,BR,1710700500
424,sylva,58.0348,56.7635,271.8,94,70,1.98,RU,1710700501
425,nelson bay,-32.7167,152.15,293.71,97,100,1.79,AU,1710700502
426,diofior,14.1833,-16.6667,306.11,16,6,5.32,SN,1710700401
427,jieshi,22.8134,115.8257,294.96,90,73,0.72,CN,1710700504
428,zhezqazghan,47.7833,67.7667,266.06,83,56,4.38,KZ,1710700505
429,birobidzhan,48.8,132.95,258.05,87,11,2.24,RU,1710700506
430,karachi,24.9056,67.0822,298.05,41,56,3.09,PK,1710700420
431,puerto baquerizo moreno,-0.9,-89.6,303.7,79,40,0.0,EC,1710700297
432,fuglafjordur,62.244,-6.814,281.41,86,92,5.3,FO,1710700508
433,conde,-7.2597,-34.9075,303.85,74,40,5.66,BR,1710700509
434,bainbridge,47.6262,-122.5212,292.74,57,0,1.34,US,1710700510
435,tumayr,25.7039,45.868,297.61,45,97,5.63,SA,1710700511
436,orchard homes,46.8633,-114.0484,288.3,48,0,0.45,US,1710700511
437,stephenville,32.2207,-98.2023,290.89,75,100,3.6,US,1710700512
438,quelimane,-17.8786,36.8883,301.12,78,40,2.13,MZ,1710700513
439,dabakala,8.3667,-4.4333,306.3,38,1,1.36,CI,1710700515
440,kasimov,54.9411,41.3953,272.52,91,100,2.27,RU,1710700516
441,pomuch,20.1333,-90.1833,308.15,27,1,2.32,MX,1710700517
442,sinop,41.7711,34.8709,278.39,90,6,1.52,TR,1710700502
443,aur,8.1499,171.1687,300.34,80,100,6.94,MH,1710700518
444,kolaras,25.2333,77.6,295.91,18,15,3.27,IN,1710700519
445,shahr-e babak,30.1165,55.1186,288.24,32,2,4.13,IR,1710700520
446,torghay,49.6339,63.4981,265.02,87,100,3.6,KZ,1710700521
447,pikeville,37.4793,-82.5188,289.81,31,40,3.6,US,1710700399
448,vicuna,-30.0319,-70.7081,304.69,30,3,3.52,CL,1710700471
449,gadzhiyevo,69.2551,33.3362,264.35,84,100,8.44,RU,1710700318
450,el burgo de osma,41.5862,-3.0652,286.77,63,100,1.72,ES,1710700524
451,mont-dore,-22.2833,166.5833,297.14,86,96,3.39,NC,1710700525
452,puntarenas,9.9763,-84.8384,305.91,53,100,4.79,CR,1710700299
453,salekhard,66.53,66.6019,261.26,74,4,9.11,RU,1710700444
454,khost,33.3395,69.9204,288.6,49,80,1.22,AF,1710700528
455,qaqortoq,60.7167,-46.0333,268.21,88,98,1.29,GL,1710700529
456,bizhbulyak,53.6967,54.2642,261.95,85,75,0.99,RU,1710700530
457,sao paulo de olivenca,-3.3783,-68.8725,302.53,68,85,1.5,BR,1710700531
458,san ignacio rio muerto,27.4167,-110.2333,294.44,17,0,5.46,MX,1710700532
459,magistral'nyy,56.1725,107.4458,266.13,97,100,1.69,RU,1710700533
460,ostrovskoye,57.8057,42.2433,273.03,91,100,2.78,RU,1710700533
461,kuanda,56.3161,116.0806,253.37,82,100,0.88,RU,1710700534
462,galesong,-5.3166,119.3661,298.16,81,67,2.2,ID,1710700535
463,usogorsk,63.4106,48.6872,267.41,89,100,3.03,RU,1710700536
464,labrador city,52.9463,-66.9114,272.1,59,75,3.09,CA,1710700537
465,sosnovo-ozerskoye,52.5249,111.5418,256.59,95,97,1.52,RU,1710700538
466,tabou,4.423,-7.3528,301.25,81,98,2.9,CI,1710700538
467,bouillante,16.1304,-61.7692,302.8,60,12,6.35,GP,1710700539
468,san carlos de bariloche,-41.1456,-71.3082,286.01,44,40,10.8,AR,1710700526
469,cidreira,-30.1811,-50.2056,298.29,80,93,4.51,BR,1710700541
470,mili,6.0815,171.735,301.05,81,25,7.55,MH,1710700542
471,northam,51.0333,-4.2167,284.63,92,32,4.27,GB,1710700543
472,ocean shores,46.9737,-124.1563,286.45,84,0,2.24,US,1710700520
473,xingcheng,40.6167,120.7167,274.75,57,100,7.31,CN,1710700544
474,hawera,-39.5917,174.2833,286.61,84,24,5.65,NZ,1710700379
475,portland,45.5234,-122.6762,291.48,58,20,1.54,US,1710700249
476,crescent city,41.756,-124.2018,288.81,78,0,3.09,US,1710700500
477,oranjemund,-28.55,16.4333,290.44,86,6,1.84,NA,1710700548
478,jindabyne,-36.4167,148.6333,285.14,93,97,1.79,AU,1710700548
479,salalah,17.0151,54.0924,300.2,69,20,2.06,OM,1710700549
480,ulanhot,46.0833,122.0833,264.67,74,2,3.78,CN,1710700550
481,kozhikode,11.25,75.7667,300.8,80,0,2.34,IN,1710700551
482,sittwe,20.15,92.9,297.86,69,2,2.51,MM,1710700552
483,nieuw amsterdam,5.8833,-55.0833,304.16,66,40,5.14,SR,1710700553
484,viana do castelo,41.6932,-8.8329,287.7,87,100,1.88,PT,1710700554
485,port douglas,-16.4833,145.4667,299.45,92,100,4.66,AU,1710700555
486,kendari,-3.945,122.4989,297.75,93,100,1.42,ID,1710700555
487,sibi,29.5448,67.8764,298.29,22,3,1.64,PK,1710700556
488,isla mujeres,21.2311,-86.731,303.24,71,0,7.08,MX,1710700553
489,beroroha,-21.6667,45.1667,298.21,79,2,0.73,MG,1710700558
490,shiqian,27.5225,108.2281,286.44,96,100,1.33,CN,1710700559
491,khasab,26.1799,56.2477,299.29,56,98,1.6,OM,1710700560
492,jegunovce,42.0736,21.1236,284.14,81,44,1.13,MK,1710700561
493,saint-pierre,-21.3393,55.4781,298.97,73,20,0.0,RE,1710700562
494,westport,41.1415,-73.3579,290.14,32,0,7.2,US,1710700379
495,isyangulovo,52.1909,52.1909,269.08,83,100,3.38,RU,1710700564
496,cockburn town,21.4612,-71.1419,299.12,82,0,7.73,TC,1710700565
497,kaladhungi,29.2833,79.35,292.45,27,100,2.14,IN,1710700566
498,nagqu,31.5,92.0,266.98,19,100,1.9,CN,1710700568
499,rimouski,48.4488,-68.524,272.97,98,100,8.76,CA,1710700556
500,ivanteyevka,55.9711,37.9208,277.45,99,100,2.24,RU,1710700569
501,fort st. john,56.2499,-120.8529,281.09,61,20,1.54,CA,1710700496
502,st anne,49.715,-2.2042,284.4,93,20,4.12,GG,1710700571
503,marsa alam,25.0757,34.8918,298.14,65,90,5.93,EG,1710700572
504,newman,37.3138,-121.0208,292.17,50,2,0.89,US,1710700493
505,borba,-4.3878,-59.5939,301.3,89,100,1.07,BR,1710700574
506,tomatlan,19.9333,-105.25,307.26,29,0,5.12,MX,1710700574
507,maun,-19.9833,23.4167,300.0,36,2,1.18,BW,1710700575
508,lisala,2.15,21.5167,299.39,65,66,1.04,CD,1710700576
509,sarigol,38.2395,28.6966,284.6,67,100,2.09,TR,1710700577
510,nurmes,63.5421,29.1397,258.16,97,16,1.6,FI,1710700578
511,inirida,3.8653,-67.9239,306.45,57,53,0.97,CO,1710700570
512,ende,-8.8432,121.6623,298.51,88,100,1.27,ID,1710700580
513,mosjoen,65.836,13.1908,277.21,43,0,7.2,NO,1710700580
514,anderson,34.5334,-82.6499,296.35,44,0,4.63,US,1710700581
515,margate,51.3813,1.3862,284.75,90,100,2.24,GB,1710700582
516,puerto aysen,-45.4,-72.7,281.67,99,100,2.44,CL,1710700583
517,freeport,40.6576,-73.5832,290.35,34,20,9.77,US,1710700584
518,enriquillo,17.9,-71.2333,302.97,59,0,6.13,DO,1710700585
519,igarka,67.4667,86.5833,260.31,94,100,9.95,RU,1710700585
520,rumoi,43.9344,141.6428,273.28,95,100,4.14,JP,1710700586
521,pangai,-19.8,-174.35,300.21,83,100,9.26,TO,1710700587
522,chauk,20.8833,94.8167,301.52,26,10,1.31,MM,1710700588
523,scottburgh,-30.2867,30.7532,293.51,85,100,3.01,ZA,1710700589
524,santa rosalia,27.3167,-112.2833,292.09,49,0,5.84,MX,1710700590
525,solnechnyy,50.7214,136.6319,254.83,90,68,2.07,RU,1710700591
526,broome,42.2506,-75.833,283.14,55,75,7.72,US,1710700373
527,bengkulu,-3.8004,102.2655,297.71,89,21,1.52,ID,1710700593
528,revda,56.801,59.9303,267.54,87,25,2.28,RU,1710700594
529,isangel,-19.55,169.2667,298.89,84,100,2.84,VU,1710700594
530,maqat,47.65,53.3167,276.76,95,100,6.14,KZ,1710700595
531,pontes e lacerda,-15.2261,-59.3353,305.33,59,78,1.74,BR,1710700523
532,pandan,14.0453,124.1694,298.84,70,90,3.4,PH,1710700597
533,dadukou,26.5479,101.7054,288.46,44,100,1.18,CN,1710700598
534,brookings,44.3114,-96.7984,269.36,50,100,11.32,US,1710700346
535,san jose,37.3394,-121.895,294.16,50,20,1.79,US,1710700578
536,banda aceh,5.5577,95.3222,299.92,75,10,2.28,ID,1710700600
537,maragogi,-9.0122,-35.2225,302.65,71,31,4.38,BR,1710700601
538,kiffa,16.6166,-11.4045,306.33,6,88,4.3,MR,1710700602
539,tougan,13.0667,-3.0667,307.07,8,0,4.23,BF,1710700603
540,page,36.9147,-111.4558,280.99,70,100,2.68,US,1710700560
541,ha'il,27.5219,41.6907,296.16,53,0,2.06,SA,1710700605
542,phibun mangsahan,15.2447,105.2291,300.14,47,100,1.23,TH,1710700606
543,inyati,-19.6756,28.8469,297.46,36,14,5.89,ZW,1710700607
544,srandakan,-7.9386,110.2506,299.06,83,97,5.5,ID,1710700608
545,sao joao da barra,-21.6403,-41.0511,309.2,79,62,4.47,BR,1710700609
546,karratha,-20.7377,116.8463,302.41,70,100,5.7,AU,1710700610
547,kalmunai,7.4167,81.8167,297.85,78,0,0.58,LK,1710700547
548,hiratacho,35.4333,132.8167,281.16,57,40,7.2,JP,1710700611
549,saltillo,25.4167,-101.0,299.63,40,0,3.58,MX,1710700421
550,harper,4.375,-7.7169,301.58,80,58,2.86,LR,1710700613
551,madaba,31.5833,35.6667,296.24,45,100,1.54,JO,1710700614
552,baganga,7.5739,126.56,297.34,87,48,3.2,PH,1710700615
553,ashtabula,41.7001,-80.7665,278.4,82,100,3.09,US,1710700616
554,kamina,-8.7386,24.9906,293.2,91,13,1.26,CD,1710700616
555,bystrice nad pernstejnem,49.5229,16.2615,278.84,68,65,2.0,CZ,1710700617
556,colchani,-20.3,-66.9333,287.71,59,100,3.84,BO,1710700618
557,port sudan,19.6175,37.2164,300.62,72,100,0.96,SD,1710700619
558,lompoc,34.6391,-120.4579,293.15,65,0,1.79,US,1710700546
559,ghanzi,-21.5667,21.7833,299.51,32,34,3.65,BW,1710700621
560,viqueque,-8.8673,126.3658,297.98,93,100,1.9,TL,1710700621
561,feodosiya,45.0333,35.3833,281.47,86,44,3.21,UA,1710700622
562,chicoana,-25.1009,-65.5331,301.18,72,50,2.66,AR,1710700623
563,port saint john's,-31.6229,29.5448,292.79,86,100,2.69,ZA,1710700624
564,mersa matruh,31.3525,27.2453,288.5,68,6,3.01,EG,1710700625
565,mao,39.8885,4.2658,288.46,100,20,3.09,ES,1710700626
566,island harbour,50.724,-1.2758,285.0,91,100,1.79,GB,1710700627
567,ormara,25.2088,64.6357,297.08,63,8,4.54,PK,1710700629
568,miramar,25.9873,-80.2323,305.95,64,75,6.17,US,1710700445
569,mawlaik,23.6333,94.4167,294.0,44,0,0.67,MM,1710700630
570,onega,63.9061,38.1404,262.34,92,13,1.86,RU,1710700631
571,zaysan,47.4667,84.8667,266.11,78,3,1.76,KZ,1710700632
572,lejanias,3.5251,-74.0216,304.63,51,97,3.16,CO,1710700633
573,moree,-29.4667,149.85,294.12,85,96,5.27,AU,1710700634
574,barra do garcas,-15.89,-52.2567,306.47,62,40,3.33,BR,1710700635
